﻿pos_x,pos_y,rotation,side,designator,mpn,pack,footprint,value,mount_type
140.816,-107.696,90.0,top,C1,,,C_0603_1608Metric_Pad1.08x0.95mm_HandSolder,100nF,smt
127.1,-98.298,0.0,top,C10,,,C_0603_1608Metric_Pad1.08x0.95mm_HandSolder,1uF,smt
127.1,-101.854,180.0,top,C11,,,C_0603_1608Metric_Pad1.08x0.95mm_HandSolder,100pF,smt
136.498,-99.822,0.0,top,C12,,,C_0603_1608Metric_Pad1.08x0.95mm_HandSolder,100nF,smt
177.646,-41.369,180.0,top,C13,,,C_0603_1608Metric_Pad1.08x0.95mm_HandSolder,100nF,smt
175.36,-34.765,0.0,top,C14,,,C_0603_1608Metric_Pad1.08x0.95mm_HandSolder,47pF,smt
171.55,-34.765,180.0,top,C15,,,C_0603_1608Metric_Pad1.08x0.95mm_HandSolder,47pF,smt
161.925,-30.48,90.0,top,C16,,,C_0603_1608Metric_Pad1.08x0.95mm_HandSolder,10nF,smt
173.328,-49.497,180.0,top,C17,,,C_0603_1608Metric_Pad1.08x0.95mm_HandSolder,4.7uF,smt
173.328,-51.275,180.0,top,C18,,,C_0603_1608Metric_Pad1.08x0.95mm_HandSolder,100nF,smt
178.154,-53.053,180.0,top,C19,,,C_0603_1608Metric_Pad1.08x0.95mm_HandSolder,1uF,smt
130.148,-119.38,0.0,top,C2,,,C_0603_1608Metric_Pad1.08x0.95mm_HandSolder,100nF,smt
66.548,-68.072,-90.0,top,C20,,,C_0603_1608Metric_Pad1.08x0.95mm_HandSolder,10uF,smt
68.326,-68.072,-90.0,top,C21,,,C_0603_1608Metric_Pad1.08x0.95mm_HandSolder,10nF,smt
60.198,-68.072,-90.0,top,C22,,,C_0603_1608Metric_Pad1.08x0.95mm_HandSolder,100nF,smt
118.21,-119.38,-90.0,top,C23,,,C_0603_1608Metric_Pad1.08x0.95mm_HandSolder,100nF,smt
139.8,-129.4395,-90.0,top,C3,,,C_0603_1608Metric_Pad1.08x0.95mm_HandSolder,100nF,smt
150.8755,-119.888,0.0,top,C4,,,C_0603_1608Metric_Pad1.08x0.95mm_HandSolder,100nF,smt
149.452,-117.602,0.0,top,C5,,,C_0603_1608Metric_Pad1.08x0.95mm_HandSolder,100nF,smt
130.402,-116.332,0.0,top,C6,,,C_0603_1608Metric_Pad1.08x0.95mm_HandSolder,100nF,smt
121.2585,-128.6002,180.0,top,C7,,,C_0603_1608Metric_Pad1.08x0.95mm_HandSolder,100nF,smt
146.658,-98.806,180.0,top,C8,,,C_0603_1608Metric_Pad1.08x0.95mm_HandSolder,100nF,smt
127.1,-100.076,180.0,top,C9,,,C_0603_1608Metric_Pad1.08x0.95mm_HandSolder,1nF,smt
108.951,-33.919,180.0,top,CR1,,,BZW04-376BRL,BZW04-376BRL,tht
165.1,-35.56,-90.0,top,FB1,MI0805K400R-10,,BEADC2012X110N,MI0805K400R-10,smt
135.487,-131.737,-90.0,top,J1,,,PinHeader_1x07_P2.54mm_Horizontal,Conn_01x07_Male,tht
117.194,-107.95,90.0,top,J2,,,PinHeader_1x08_P2.54mm_Vertical,Conn_01x08_Male,tht
170.026,-28.745,180.0,top,J3,,,UJ2-BH-BL1-TH,USB_B,tht
50.038,-76.2,90.0,top,J4,,,PinHeader_1x08_P2.54mm_Vertical,Conn_01x08_Male,tht
148.129,-23.4,180.0,top,J5,1757569,,1757569,1757569,tht
100.176,-101.092,90.0,top,J6,,,PinHeader_1x08_P2.54mm_Vertical,Conn_01x08_Male,tht
170.026,-106.68,0.0,top,J7,,,PinHeader_1x08_P2.54mm_Vertical,Conn_01x08_Male,tht
99.06,-45.085,90.0,top,K1,,,DIP-6_W7.62mm,G3VM-601BY,tht
110.475,-45.349,90.0,top,K2,,,DIP-6_W7.62mm,G3VM-601BY,tht
118.21,-105.156,180.0,top,R1,,,R_0603_1608Metric_Pad0.98x0.95mm_HandSolder,10k,smt
177.646,-39.591,0.0,top,R10,,,R_0603_1608Metric_Pad0.98x0.95mm_HandSolder,10k,smt
91.0675,-33.919,180.0,top,R11,,,R_0603_1608Metric_Pad0.98x0.95mm_HandSolder,39,smt
54.102,-51.308,0.0,top,R12,,,R_0603_1608Metric_Pad0.98x0.95mm_HandSolder,1M,smt
146.15,-107.696,90.0,top,R13,,,R_0603_1608Metric_Pad0.98x0.95mm_HandSolder,33,smt
144.372,-107.696,90.0,top,R14,,,R_0603_1608Metric_Pad0.98x0.95mm_HandSolder,33,smt
142.594,-107.696,90.0,top,R15,,,R_0603_1608Metric_Pad0.98x0.95mm_HandSolder,33,smt
53.848,-58.674,180.0,top,R16,,,R_0603_1608Metric_Pad0.98x0.95mm_HandSolder,33,smt
64.008,-68.072,90.0,top,R17,,,R_0603_1608Metric_Pad0.98x0.95mm_HandSolder,1M,smt
168.248,-102.87,-90.0,top,R18,,,R_0603_1608Metric_Pad0.98x0.95mm_HandSolder,1k,smt
165.962,-102.87,90.0,top,R19,,,R_0603_1608Metric_Pad0.98x0.95mm_HandSolder,1k,smt
146.658,-102.362,0.0,top,R2,,,R_0603_1608Metric_Pad0.98x0.95mm_HandSolder,10k,smt
107.542,-106.172,180.0,top,R20,,,R_0603_1608Metric_Pad0.98x0.95mm_HandSolder,10k,smt
111.352,-106.172,180.0,top,R21,,,R_0603_1608Metric_Pad0.98x0.95mm_HandSolder,1k,smt
60.298,-129.032,-90.0,top,R22,,,R_0603_1608Metric_Pad0.98x0.95mm_HandSolder,220,smt
70.458,-129.032,-90.0,top,R23,,,R_0603_1608Metric_Pad0.98x0.95mm_HandSolder,220,smt
80.618,-129.032,-90.0,top,R24,,,R_0603_1608Metric_Pad0.98x0.95mm_HandSolder,220,smt
90.778,-129.032,-90.0,top,R25,,,R_0603_1608Metric_Pad0.98x0.95mm_HandSolder,220,smt
100.938,-129.032,-90.0,top,R26,,,R_0603_1608Metric_Pad0.98x0.95mm_HandSolder,220,smt
50.138,-129.032,-90.0,top,R27,,,R_0603_1608Metric_Pad0.98x0.95mm_HandSolder,220,smt
146.658,-100.584,180.0,top,R3,,,R_0603_1608Metric_Pad0.98x0.95mm_HandSolder,10k,smt
134.72,-103.632,180.0,top,R4,,,R_0603_1608Metric_Pad0.98x0.95mm_HandSolder,30k,smt
127.1,-103.632,0.0,top,R5,,,R_0603_1608Metric_Pad0.98x0.95mm_HandSolder,510k,smt
171.55,-36.543,180.0,top,R6,,,R_0603_1608Metric_Pad0.98x0.95mm_HandSolder,27,smt
175.36,-36.543,0.0,top,R7,,,R_0603_1608Metric_Pad0.98x0.95mm_HandSolder,27,smt
97.128,-95.504,180.0,top,R8,,,R_0603_1608Metric_Pad0.98x0.95mm_HandSolder,220,smt
108.304,-95.758,180.0,top,R9,,,R_0603_1608Metric_Pad0.98x0.95mm_HandSolder,220,smt
50.138,-142.462,180.0,top,S1,228DD1S1AAFAMSC,,228DD1S1AAFAMSC,228DD1S1AAFAMSC,tht
60.298,-142.462,180.0,top,S2,228DD1S1AAFAMSC,,228DD1S1AAFAMSC,228DD1S1AAFAMSC,tht
70.458,-142.462,180.0,top,S3,228DD1S1AAFAMSC,,228DD1S1AAFAMSC,228DD1S1AAFAMSC,tht
80.618,-142.462,180.0,top,S4,228DD1S1AAFAMSC,,228DD1S1AAFAMSC,228DD1S1AAFAMSC,tht
90.778,-142.462,180.0,top,S5,228DD1S1AAFAMSC,,228DD1S1AAFAMSC,228DD1S1AAFAMSC,tht
100.938,-142.462,180.0,top,S6,228DD1S1AAFAMSC,,228DD1S1AAFAMSC,228DD1S1AAFAMSC,tht
161.644,-142.97,0.0,top,S7,,,XDCR_PEC12R-2220F-S0024,PEC12R-2220F-S0024,tht
180.694,-123.412,0.0,top,S8,,,100DP1T2B4M7QE_EWI,100DP1T2B4M7QE,tht
155.7535,-36.576,-90.0,top,T1,TY-141P,,DIPS1067W107P475L2062H1880Q6N,TY-141P,tht
124.1545,-47.244,90.0,top,T2,TY-145P,,DIPS1067W107P475L2062H1880Q6N,TY-145P,tht
140.054,-118.872,-90.0,top,U1,PIC32MZ0512EFE064-I/PT,,QFP50P1200X1200X120-64N,PIC32MZ0512EFE064-I_PT,smt
131.926,-100.838,0.0,top,U2,TLV2780CDBVT,,SOT95P280X145-6N,TLV2780CDBVT,smt
170.28,-43.401,90.0,top,U3,FT231XS-U,,SSOP-20_5.3x7.2mm_P0.65mm,FT231XS-U,smt
92.426,-37.485,-90.0,top,U4,,,DIP-6_W7.62mm,H11AA1,tht
178.154,-44.671,0.0,top,U5,74HCT2G14GW-Q100H,,74HCT2G14GWQ100H,74HCT2G14GW-Q100H,smt
178.154,-50.259,0.0,top,U6,,,SOT-23-5,AP2112K-3.3,smt
65.532,-53.373,90.0,top,U7,ATWINC1510-MR210UB,,ATWINC1510MR210UB,ATWINC1510-MR210UB,smt
123.29,-117.856,0.0,top,U8,,,SOIC-8_3.9x4.9mm_P1.27mm,W25X40CLSN,smt
