﻿Designator,Quantity,Value,Footprint,Package,MPN,DNP,Mount_Type,Description,Height,Manufacturer_Name,Mouser Part Number,Mouser Price/Stock,Arrow Part Number,Arrow Price/Stock,Datasheet_1,Footprint_1,Value_1,Reference_1,MANUFACTURER,MAXIMUM_PACKAGE_HEIGHT,PARTREV,STANDARD
"C1, C12, C13, C18, C2, C22, C23, C3, C4, C5, C6, C7, C8",13,100nF,C_0603_1608Metric_Pad1.08x0.95mm_HandSolder,,,,smt,,,,,,,,,,,,,,,
"C10, C19",2,1uF,C_0603_1608Metric_Pad1.08x0.95mm_HandSolder,,,,smt,,,,,,,,,,,,,,,
C11,1,100pF,C_0603_1608Metric_Pad1.08x0.95mm_HandSolder,,,,smt,,,,,,,,,,,,,,,
"C14, C15",2,47pF,C_0603_1608Metric_Pad1.08x0.95mm_HandSolder,,,,smt,,,,,,,,,,,,,,,
"C16, C21",2,10nF,C_0603_1608Metric_Pad1.08x0.95mm_HandSolder,,,,smt,,,,,,,,,,,,,,,
C17,1,4.7uF,C_0603_1608Metric_Pad1.08x0.95mm_HandSolder,,,,smt,,,,,,,,,,,,,,,
C20,1,10uF,C_0603_1608Metric_Pad1.08x0.95mm_HandSolder,,,,smt,,,,,,,,,,,,,,,
C9,1,1nF,C_0603_1608Metric_Pad1.08x0.95mm_HandSolder,,,,smt,,,,,,,,,,,,,,,
CR1,1,BZW04-376BRL,BZW04-376BRL,,,,tht,,,,,,,,,,,,,,,
FB1,1,MI0805K400R-10,BEADC2012X110N,,MI0805K400R-10,,smt,Ferrite Beads 40ohms 100MHz 1.5A Monolithic 0805 SMD,1.1,Laird Performance Materials,875-MI0805K400R-10,https://www.mouser.co.uk/ProductDetail/Laird-Performance-Materials/MI0805K400R-10?qs=Hp4IEBVVqKKRJzYiDLfLSg%3D%3D,,,,,,,,,,
J1,1,Conn_01x07_Male,PinHeader_1x07_P2.54mm_Horizontal,,,,tht,,,,,,,,,,,,,,,
"J2, J4, J6, J7",4,Conn_01x08_Male,PinHeader_1x08_P2.54mm_Vertical,,,,tht,,,,,,,,,,,,,,,
J3,1,USB_B,UJ2-BH-BL1-TH,,,,tht,,,,,,,,,,,,,,,
J5,1,1757569,1757569,,1757569,,tht,"PCB header, nominal cross section: 2.5 mm?, color: green, nominal current: 12 A, rated voltage (III/2): 320 V, contact surface: Tin, type of contact: Male connector, Number of potentials: 12, Number of rows: 1, Number of positions per row: 12, number of connections: 12, product range: MSTBA 2,5/..-G, pitch: 5 mm, mounting: Wave soldering, pin layout: Linear pinning, solder pin [P]: 3.5 mm, Stecksystem: CLASSIC COMBICON, Locking: without, type of packaging: packed in cardboard",8.72,Phoenix Contact,651-1757569,https://www.mouser.co.uk/ProductDetail/Phoenix-Contact/1757569?qs=A%2FKWGUWTCZjn%252BGnI2f1BNQ%3D%3D,1757569,https://www.arrow.com/en/products/1757569/phoenix-contact,,,,,,,,
"K1, K2",2,G3VM-601BY,DIP-6_W7.62mm,,,,tht,,,,,,,,,,,,,,,
"R1, R10, R2, R20, R3",5,10k,R_0603_1608Metric_Pad0.98x0.95mm_HandSolder,,,,smt,,,,,,,,,,,,,,,
R11,1,39,R_0603_1608Metric_Pad0.98x0.95mm_HandSolder,,,,smt,,,,,,,,,,,,,,,
"R12, R17",2,1M,R_0603_1608Metric_Pad0.98x0.95mm_HandSolder,,,,smt,,,,,,,,,,,,,,,
"R13, R14, R15, R16",4,33,R_0603_1608Metric_Pad0.98x0.95mm_HandSolder,,,,smt,,,,,,,,,,,,,,,
"R18, R19, R21",3,1k,R_0603_1608Metric_Pad0.98x0.95mm_HandSolder,,,,smt,,,,,,,,,,,,,,,
"R22, R23, R24, R25, R26, R27, R8, R9",8,220,R_0603_1608Metric_Pad0.98x0.95mm_HandSolder,,,,smt,,,,,,,,,,,,,,,
R4,1,30k,R_0603_1608Metric_Pad0.98x0.95mm_HandSolder,,,,smt,,,,,,,,,,,,,,,
R5,1,510k,R_0603_1608Metric_Pad0.98x0.95mm_HandSolder,,,,smt,,,,,,,,,,,,,,,
"R6, R7",2,27,R_0603_1608Metric_Pad0.98x0.95mm_HandSolder,,,,smt,,,,,,,,,,,,,,,
"S1, S2, S3, S4, S5, S6",6,228DD1S1AAFAMSC,228DD1S1AAFAMSC,,228DD1S1AAFAMSC,,tht,SWITCH TACTILE SPST-NO 0.05A 12V,6.4,CTS,774-228DD1S1AAFAMSC,https://www.mouser.co.uk/ProductDetail/CTS-Electronic-Components/228DD1S1AAFAMSC?qs=BJlw7L4Cy7%252Bx9Gylbq7xIw%3D%3D,,,https://www.ctscorp.com/wp-content/uploads/228D.pdf,228DD1S1AAFAMSC,228DD1S1AAFAMSC,S?,,,,
S7,1,PEC12R-2220F-S0024,XDCR_PEC12R-2220F-S0024,,,,tht,,,,,,,,,,,,Bourns,16.7 mm,07/21,Manufacturer Recommendations
S8,1,100DP1T2B4M7QE,100DP1T2B4M7QE_EWI,,,,tht,,,,,,,,,,,,,,,
T1,1,TY-141P,DIPS1067W107P475L2062H1880Q6N,,TY-141P,,tht,"TRIAD MAGNETICS - TY-141P - Audio Transformer, Line Matching, 4 mA, 10 kohm, 10 kohm, Through Hole, TY-14x Series",18.796,Triad Magnetics,553-TY141P,https://www.mouser.co.uk/ProductDetail/Triad-Magnetics/TY-141P?qs=sK90oOEhQaXZYAU4yeNTTQ%3D%3D,TY-141P,https://www.arrow.com/en/products/ty-141p/triad-magnetics?region=nac,,,,,,,,
T2,1,TY-145P,DIPS1067W107P475L2062H1880Q6N,,TY-145P,,tht,"TRIAD MAGNETICS - TY-145P - TRANSFORMER, 1:1, 600/600",18.796,Triad Magnetics,553-TY145P,https://www.mouser.co.uk/ProductDetail/Triad-Magnetics/TY-145P?qs=sK90oOEhQaVS4WlcmrXXSA%3D%3D,TY-145P,https://www.arrow.com/en/products/ty-145p/triad-magnetics,,,,,,,,
U1,1,PIC32MZ0512EFE064-I_PT,QFP50P1200X1200X120-64N,,PIC32MZ0512EFE064-I/PT,,smt,"Microchip PIC32MZ0512EFE064-I/PT, 32bit Microcontroller, 200MHz, 512 kB Flash, 64-Pin TQFP",1.2,Microchip,579-MZ0512EFE064IPT,https://www.mouser.co.uk/ProductDetail/Microchip-Technology/PIC32MZ0512EFE064-I-PT?qs=XR%2FfMt4sL%252BFV1SJpzPyuIA%3D%3D,PIC32MZ0512EFE064-I/PT,https://www.arrow.com/en/products/pic32mz0512efe064-ipt/microchip-technology?region=nac,,,,,,,,
U2,1,TLV2780CDBVT,SOT95P280X145-6N,,TLV2780CDBVT,,smt,Operational Amplifiers - Op Amps Single 1.8V RRIO 8MHz,1.45,Texas Instruments,595-TLV2780CDBVT,https://www.mouser.co.uk/ProductDetail/Texas-Instruments/TLV2780CDBVT?qs=m96fseALk3VixJMdPSjfFg%3D%3D,TLV2780CDBVT,https://www.arrow.com/en/products/tlv2780cdbvt/texas-instruments,,,,,,,,
U3,1,FT231XS-U,SSOP-20_5.3x7.2mm_P0.65mm,,FT231XS-U,,smt,Full Speed to Handshake USB UART IC,1.753,FTDI Chip,895-FT231XS-U,https://www.mouser.co.uk/ProductDetail/FTDI/FT231XS-U?qs=Gp1Yz1mis3WFP7tMtj2Z9g%3D%3D,FT231XS-U,https://www.arrow.com/en/products/ft231xs-u/ftdi-chip?region=nac,,,,,,,,
U4,1,H11AA1,DIP-6_W7.62mm,,,,tht,,,,,,,,,,,,,,,
U5,1,74HCT2G14GW-Q100H,74HCT2G14GWQ100H,,74HCT2G14GW-Q100H,,smt,Inverter IC 2 Channel Schmitt Trigger 6-TSSOP,1.1,Nexperia,771-74HCT2G14GWQ100H,https://www.mouser.co.uk/ProductDetail/Nexperia/74HCT2G14GW-Q100H?qs=fi7yB2oewZmNBzeOKw8f7A%3D%3D,74HCT2G14GW-Q100H,https://www.arrow.com/en/products/74hct2g14gw-q100h/nexperia?region=nac,,,,,,,,
U6,1,AP2112K-3.3,SOT-23-5,,,,smt,,,,,,,,,,,,,,,
U7,1,ATWINC1510-MR210UB,ATWINC1510MR210UB,,ATWINC1510-MR210UB,,smt,WiFi Modules (802.11) SmartConnect ATWINC1500B-MU-T Module,2.113,Microchip,556-ATWINC1510MR210U,https://www.mouser.co.uk/ProductDetail/Microchip-Technology-Atmel/ATWINC1510-MR210UB?qs=QB0ovJDgFgt5QuIkS9qN8w%3D%3D,,,,,,,,,,
U8,1,W25X40CLSN,SOIC-8_3.9x4.9mm_P1.27mm,,,,smt,,,,,,,,,,,,,,,
